{"cameraMode":{"drawMode":0,"name":"Shaded","section":"Shading Mode"},"sceneLighting":true,"audioPlay":false,"sceneViewState":{"showFog":true,"showMaterialUpdate":false,"showSkybox":true,"showFlares":true,"showImageEffects":true,"showParticleSystems":true},"in2DMode":false,"pivot":{"x":-18.6376953125,"y":8.541259765625,"z":-42.4210205078125},"rotation":{"x":-0.11946761608123779,"y":-0.7376190423965454,"z":0.13610656559467317,"w":-0.6505734324455261},"size":2.9673190116882326,"orthographic":true}