{"cameraMode":{"drawMode":0,"name":"Shaded","section":"Shading Mode"},"sceneLighting":false,"audioPlay":false,"sceneViewState":{"showFog":true,"showMaterialUpdate":false,"showSkybox":true,"showFlares":true,"showImageEffects":true,"showParticleSystems":true},"in2DMode":false,"pivot":{"x":-0.08809925615787506,"y":0.04299987852573395,"z":-0.2681458592414856},"rotation":{"x":0.40323007106781008,"y":-0.4416060447692871,"z":0.23156309127807618,"w":0.7673860192298889},"size":22.0,"orthographic":true}