{"cameraMode":{"drawMode":0,"name":"Shaded","section":"Shading Mode"},"sceneLighting":false,"audioPlay":false,"sceneViewState":{"showFog":true,"showMaterialUpdate":false,"showSkybox":true,"showFlares":true,"showImageEffects":true,"showParticleSystems":true},"in2DMode":false,"pivot":{"x":2.060999870300293,"y":0.05500000715255737,"z":-3.9700000286102297},"rotation":{"x":-0.0619012713432312,"y":-0.7100447416305542,"z":0.0630936548113823,"w":-0.6986371278762817},"size":5.722393989562988,"orthographic":true}