{"cameraMode":{"drawMode":0,"name":"Shaded","section":"Shading Mode"},"sceneLighting":false,"audioPlay":false,"sceneViewState":{"showFog":true,"showMaterialUpdate":false,"showSkybox":true,"showFlares":true,"showImageEffects":true,"showParticleSystems":true},"in2DMode":false,"pivot":{"x":-0.03482130914926529,"y":-0.027420304715633394,"z":-0.05349293351173401},"rotation":{"x":-0.45053955912590029,"y":0.04554775729775429,"z":-0.02287481352686882,"w":-0.8913414478302002},"size":0.4760448932647705,"orthographic":true}