{"cameraMode":{"drawMode":0,"name":"Shaded","section":"Shading Mode"},"sceneLighting":false,"audioPlay":false,"sceneViewState":{"showFog":true,"showMaterialUpdate":false,"showSkybox":true,"showFlares":true,"showImageEffects":true,"showParticleSystems":true},"in2DMode":false,"pivot":{"x":-0.054554283618927,"y":-0.09133069217205048,"z":-0.11081761121749878},"rotation":{"x":0.40323007106781008,"y":-0.4416060447692871,"z":0.23156309127807618,"w":0.7673860192298889},"size":2.102961778640747,"orthographic":true}