{"cameraMode":{"drawMode":0,"name":"Shaded","section":"Shading Mode"},"sceneLighting":false,"audioPlay":false,"sceneViewState":{"showFog":true,"showMaterialUpdate":false,"showSkybox":true,"showFlares":true,"showImageEffects":true,"showParticleSystems":true},"in2DMode":false,"pivot":{"x":-0.10023792088031769,"y":-0.04867268726229668,"z":-0.17611157894134522},"rotation":{"x":0.34384772181510928,"y":-0.10127434879541397,"z":0.03690559044480324,"w":0.9328808784484863},"size":1.4889212846755982,"orthographic":true}