{"cameraMode":{"drawMode":0,"name":"Shaded","section":"Shading Mode"},"sceneLighting":false,"audioPlay":false,"sceneViewState":{"showFog":true,"showMaterialUpdate":false,"showSkybox":true,"showFlares":true,"showImageEffects":true,"showParticleSystems":true},"in2DMode":false,"pivot":{"x":-0.010420888662338257,"y":-0.06248334050178528,"z":-0.11236810684204102},"rotation":{"x":0.4831623136997223,"y":-0.37032824754714968,"z":0.23580032587051392,"w":0.7575693726539612},"size":2.095766544342041,"orthographic":true}