{"cameraMode":{"drawMode":0,"name":"Shaded","section":"Shading Mode"},"sceneLighting":false,"audioPlay":false,"sceneViewState":{"showFog":true,"showMaterialUpdate":false,"showSkybox":true,"showFlares":true,"showImageEffects":true,"showParticleSystems":true},"in2DMode":false,"pivot":{"x":-0.01985473930835724,"y":-0.09282541275024414,"z":-0.10004571080207825},"rotation":{"x":0.3688800632953644,"y":-0.15110300481319428,"z":0.06052157282829285,"w":0.9151704907417297},"size":1.4884355068206788,"orthographic":true}