{"cameraMode":{"drawMode":0,"name":"Shaded","section":"Shading Mode"},"sceneLighting":false,"audioPlay":false,"sceneViewState":{"showFog":true,"showMaterialUpdate":false,"showSkybox":true,"showFlares":true,"showImageEffects":true,"showParticleSystems":true},"in2DMode":false,"pivot":{"x":-18.49213409423828,"y":8.167972564697266,"z":-42.263336181640628},"rotation":{"x":-0.2583102285861969,"y":0.2403016984462738,"z":-0.06651244312524796,"w":-0.933349609375},"size":4.763772010803223,"orthographic":true}