{"cameraMode":{"drawMode":0,"name":"Shaded","section":"Shading Mode"},"sceneLighting":false,"audioPlay":false,"sceneViewState":{"showFog":true,"showMaterialUpdate":false,"showSkybox":true,"showFlares":true,"showImageEffects":true,"showParticleSystems":true},"in2DMode":false,"pivot":{"x":-0.7396607398986816,"y":2.007805824279785,"z":11.674789428710938},"rotation":{"x":-0.1499944031238556,"y":0.10949575901031494,"z":-0.01672166772186756,"w":-0.9824800491333008},"size":51.20320129394531,"orthographic":true}