{"cameraMode":{"drawMode":0,"name":"Shaded","section":"Shading Mode"},"sceneLighting":false,"audioPlay":false,"sceneViewState":{"showFog":true,"showMaterialUpdate":false,"showSkybox":true,"showFlares":true,"showImageEffects":true,"showParticleSystems":true},"in2DMode":false,"pivot":{"x":-88.98388671875,"y":-100.9521484375,"z":-193.1458740234375},"rotation":{"x":0.44774937629699709,"y":0.5468913316726685,"z":0.4455559253692627,"w":-0.5494945049285889},"size":1.9011200666427613,"orthographic":true}