{"cameraMode":{"drawMode":0,"name":"Shaded","section":"Shading Mode"},"sceneLighting":false,"audioPlay":false,"sceneViewState":{"showFog":true,"showMaterialUpdate":false,"showSkybox":true,"showFlares":true,"showImageEffects":true,"showParticleSystems":true},"in2DMode":false,"pivot":{"x":0.02160795032978058,"y":-0.06187829375267029,"z":-0.2075941413640976},"rotation":{"x":0.3861329257488251,"y":-0.027782466262578965,"z":0.01129214745014906,"w":0.9220101237297058},"size":2.0159926414489748,"orthographic":true}