{"cameraMode":{"drawMode":0,"name":"Shaded","section":"Shading Mode"},"sceneLighting":false,"audioPlay":false,"sceneViewState":{"showFog":true,"showMaterialUpdate":false,"showSkybox":true,"showFlares":true,"showImageEffects":true,"showParticleSystems":true},"in2DMode":false,"pivot":{"x":3.995619058609009,"y":0.9535481333732605,"z":0.3674173355102539},"rotation":{"x":-0.09651313722133637,"y":-0.6450532674789429,"z":0.08279506862163544,"w":-0.753530740737915},"size":1.747463583946228,"orthographic":true}