{"cameraMode":{"drawMode":0,"name":"Shaded","section":"Shading Mode"},"sceneLighting":false,"audioPlay":false,"sceneViewState":{"showFog":true,"showMaterialUpdate":false,"showSkybox":true,"showFlares":true,"showImageEffects":true,"showParticleSystems":true},"in2DMode":false,"pivot":{"x":-0.3032819330692291,"y":-0.14882948994636537,"z":0.0813245177268982},"rotation":{"x":-0.002874750178307295,"y":0.9885425567626953,"z":-0.14971666038036347,"w":-0.018981626257300378},"size":0.945234477519989,"orthographic":true}