{"cameraMode":{"drawMode":0,"name":"Shaded","section":"Shading Mode"},"sceneLighting":false,"audioPlay":false,"sceneViewState":{"showFog":true,"showMaterialUpdate":false,"showSkybox":true,"showFlares":true,"showImageEffects":true,"showParticleSystems":true},"in2DMode":false,"pivot":{"x":0.3210606575012207,"y":-0.20656871795654298,"z":-0.8390603065490723},"rotation":{"x":-0.12680010497570039,"y":0.8726361393928528,"z":-0.349867582321167,"w":-0.3162632882595062},"size":9.604690551757813,"orthographic":false}