{"cameraMode":{"drawMode":0,"name":"Shaded","section":"Shading Mode"},"sceneLighting":false,"audioPlay":false,"sceneViewState":{"showFog":true,"showMaterialUpdate":false,"showSkybox":true,"showFlares":true,"showImageEffects":true,"showParticleSystems":true},"in2DMode":false,"pivot":{"x":-0.47814369201660159,"y":1.1025950908660889,"z":-1.8073019981384278},"rotation":{"x":0.0691382884979248,"y":-0.880129337310791,"z":0.13515937328338624,"w":0.4498545825481415},"size":12.630105972290039,"orthographic":false}