{"cameraMode":{"drawMode":0,"name":"Shaded","section":"Shading Mode"},"sceneLighting":false,"audioPlay":false,"sceneViewState":{"showFog":true,"showMaterialUpdate":false,"showSkybox":true,"showFlares":true,"showImageEffects":true,"showParticleSystems":true},"in2DMode":false,"pivot":{"x":0.12648296356201173,"y":-0.26023101806640627,"z":-0.1275196075439453},"rotation":{"x":0.18482491374015809,"y":0.37386730313301089,"z":-0.07629653066396713,"w":0.9056771993637085},"size":72.7606201171875,"orthographic":true}