{"cameraMode":{"drawMode":0,"name":"Shaded","section":"Shading Mode"},"sceneLighting":false,"audioPlay":false,"sceneViewState":{"showFog":true,"showMaterialUpdate":false,"showSkybox":true,"showFlares":true,"showImageEffects":true,"showParticleSystems":true},"in2DMode":false,"pivot":{"x":3.995619058609009,"y":0.9535481333732605,"z":0.3674173355102539},"rotation":{"x":-0.04387260600924492,"y":0.8015754222869873,"z":-0.05927151069045067,"w":-0.5933253765106201},"size":0.90845787525177,"orthographic":true}