{"cameraMode":{"drawMode":0,"name":"Shaded","section":"Shading Mode"},"sceneLighting":false,"audioPlay":false,"sceneViewState":{"showFog":true,"showMaterialUpdate":false,"showSkybox":true,"showFlares":true,"showImageEffects":true,"showParticleSystems":true},"in2DMode":false,"pivot":{"x":-0.16083580255508424,"y":1.886784315109253,"z":0.39492058753967287},"rotation":{"x":0.08950545638799668,"y":0.9085789322853088,"z":-0.25618427991867068,"w":0.31763461232185366},"size":15.435790061950684,"orthographic":true}