{"cameraMode":{"drawMode":0,"name":"Shaded","section":"Shading Mode"},"sceneLighting":false,"audioPlay":false,"sceneViewState":{"showFog":true,"showMaterialUpdate":false,"showSkybox":true,"showFlares":true,"showImageEffects":true,"showParticleSystems":true},"in2DMode":false,"pivot":{"x":-0.10023792088031769,"y":-0.04867268726229668,"z":-0.17611157894134522},"rotation":{"x":-0.3113231360912323,"y":0.31311047077178957,"z":-0.10946047306060791,"w":-0.8905383348464966},"size":1.4889212846755982,"orthographic":true}