{"cameraMode":{"drawMode":0,"name":"Shaded","section":"Shading Mode"},"sceneLighting":false,"audioPlay":false,"sceneViewState":{"showFog":true,"showMaterialUpdate":false,"showSkybox":true,"showFlares":true,"showImageEffects":true,"showParticleSystems":true},"in2DMode":false,"pivot":{"x":-0.01985473930835724,"y":-0.09282541275024414,"z":-0.10004571080207825},"rotation":{"x":-0.7332102656364441,"y":-0.08562830835580826,"z":0.6680114269256592,"w":-0.09398221969604492},"size":1.4884355068206788,"orthographic":true}