{"cameraMode":{"drawMode":0,"name":"Shaded","section":"Shading Mode"},"sceneLighting":false,"audioPlay":false,"sceneViewState":{"showFog":true,"showMaterialUpdate":false,"showSkybox":true,"showFlares":true,"showImageEffects":true,"showParticleSystems":true},"in2DMode":false,"pivot":{"x":-0.12126390635967255,"y":0.04055928811430931,"z":0.4438205361366272},"rotation":{"x":-0.3113231360912323,"y":0.31311047077178957,"z":-0.10946047306060791,"w":-0.8905383348464966},"size":2.407498598098755,"orthographic":true}