{"cameraMode":{"drawMode":0,"name":"Shaded","section":"Shading Mode"},"sceneLighting":false,"audioPlay":false,"sceneViewState":{"showFog":true,"showMaterialUpdate":false,"showSkybox":true,"showFlares":true,"showImageEffects":true,"showParticleSystems":true},"in2DMode":false,"pivot":{"x":-12.5205078125,"y":-0.4287109375,"z":7.677978515625},"rotation":{"x":-0.06513208895921707,"y":-0.8601189255714417,"z":0.11369365453720093,"w":-0.4930291175842285},"size":7.975351333618164,"orthographic":true}