{"cameraMode":{"drawMode":0,"name":"Shaded","section":"Shading Mode"},"sceneLighting":false,"audioPlay":false,"sceneViewState":{"showFog":true,"showMaterialUpdate":false,"showSkybox":true,"showFlares":true,"showImageEffects":true,"showParticleSystems":true},"in2DMode":false,"pivot":{"x":591.4088134765625,"y":596.7852172851563,"z":32.7926025390625},"rotation":{"x":0.010189278982579708,"y":0.014095818623900414,"z":0.00014365369861479849,"w":-0.9998490810394287},"size":1649.99169921875,"orthographic":false}