{"cameraMode":{"drawMode":0,"name":"Shaded","section":"Shading Mode"},"sceneLighting":false,"audioPlay":false,"sceneViewState":{"showFog":true,"showMaterialUpdate":false,"showSkybox":true,"showFlares":true,"showImageEffects":true,"showParticleSystems":true},"in2DMode":false,"pivot":{"x":7.450580596923828e-9,"y":-1.862645149230957e-8,"z":-0.32234928011894228},"rotation":{"x":-0.027713611721992494,"y":0.7084680795669556,"z":-0.027864431962370874,"w":-0.7046540975570679},"size":1.3404687643051148,"orthographic":true}