{"cameraMode":{"drawMode":0,"name":"Shaded","section":"Shading Mode"},"sceneLighting":false,"audioPlay":false,"sceneViewState":{"showFog":true,"showMaterialUpdate":false,"showSkybox":true,"showFlares":true,"showImageEffects":true,"showParticleSystems":true},"in2DMode":false,"pivot":{"x":-8.449836730957032,"y":2.5167813301086427,"z":9.107090950012207},"rotation":{"x":0.15688292682170869,"y":-0.8157851696014404,"z":0.25985780358314516,"w":0.4923393130302429},"size":5.120089054107666,"orthographic":false}