{"cameraMode":{"drawMode":0,"name":"Shaded","section":"Shading Mode"},"sceneLighting":false,"audioPlay":false,"sceneViewState":{"showFog":true,"showMaterialUpdate":false,"showSkybox":true,"showFlares":true,"showImageEffects":true,"showParticleSystems":true},"in2DMode":false,"pivot":{"x":0.6434769630432129,"y":-0.9669857025146484,"z":1.1815204620361329},"rotation":{"x":-0.160936638712883,"y":0.8160168528556824,"z":-0.48450803756713869,"w":-0.2710523307323456},"size":12.653496742248536,"orthographic":false}