{"cameraMode":{"drawMode":0,"name":"Shaded","section":"Shading Mode"},"sceneLighting":false,"audioPlay":false,"sceneViewState":{"showFog":true,"showMaterialUpdate":false,"showSkybox":true,"showFlares":true,"showImageEffects":true,"showParticleSystems":true},"in2DMode":false,"pivot":{"x":-0.3443584442138672,"y":-0.8073215484619141,"z":-0.12660980224609376},"rotation":{"x":-0.010715020820498467,"y":0.9678145051002502,"z":0.04182650148868561,"w":0.24795003235340119},"size":18.837099075317384,"orthographic":true}