{"cameraMode":{"drawMode":0,"name":"Shaded","section":"Shading Mode"},"sceneLighting":false,"audioPlay":false,"sceneViewState":{"showFog":true,"showMaterialUpdate":false,"showSkybox":true,"showFlares":true,"showImageEffects":true,"showParticleSystems":true},"in2DMode":false,"pivot":{"x":-0.2969651222229004,"y":1.8002092838287354,"z":0.2974858283996582},"rotation":{"x":0.08950545638799668,"y":0.9085789322853088,"z":-0.25618427991867068,"w":0.31763461232185366},"size":17.502161026000978,"orthographic":true}