{"cameraMode":{"drawMode":0,"name":"Shaded","section":"Shading Mode"},"sceneLighting":false,"audioPlay":false,"sceneViewState":{"showFog":true,"showMaterialUpdate":false,"showSkybox":true,"showFlares":true,"showImageEffects":true,"showParticleSystems":true},"in2DMode":false,"pivot":{"x":-0.42578125,"y":1.39013671875,"z":3.54443359375},"rotation":{"x":0.0023626000620424749,"y":-0.9976682066917419,"z":0.045826736837625507,"w":0.05094053968787193},"size":5.861579418182373,"orthographic":true}