{"cameraMode":{"drawMode":0,"name":"Shaded","section":"Shading Mode"},"sceneLighting":false,"audioPlay":false,"sceneViewState":{"showFog":true,"showMaterialUpdate":false,"showSkybox":true,"showFlares":true,"showImageEffects":true,"showParticleSystems":true},"in2DMode":false,"pivot":{"x":-2.7482502460479738,"y":-7.56538527973162e-17,"z":-0.5077815055847168},"rotation":{"x":0.05929454788565636,"y":0.896027147769928,"z":-0.12611350417137147,"w":0.42161938548088076},"size":22.0,"orthographic":true}