{"cameraMode":{"drawMode":0,"name":"Shaded","section":"Shading Mode"},"sceneLighting":false,"audioPlay":false,"sceneViewState":{"showFog":true,"showMaterialUpdate":false,"showSkybox":true,"showFlares":true,"showImageEffects":true,"showParticleSystems":true},"in2DMode":false,"pivot":{"x":-17.380294799804689,"y":7.959998607635498,"z":-42.05310821533203},"rotation":{"x":0.23337773978710175,"y":0.6077188849449158,"z":-0.1932024359703064,"w":0.7340903282165527},"size":3.3559629917144777,"orthographic":false}