{"cameraMode":{"drawMode":0,"name":"Shaded","section":"Shading Mode"},"sceneLighting":false,"audioPlay":false,"sceneViewState":{"showFog":true,"showMaterialUpdate":false,"showSkybox":true,"showFlares":true,"showImageEffects":true,"showParticleSystems":true},"in2DMode":false,"pivot":{"x":0.904770016670227,"y":2.0,"z":3.618049383163452},"rotation":{"x":-0.3113231360912323,"y":0.31311047077178957,"z":-0.10946047306060791,"w":-0.8905383348464966},"size":0.6803143620491028,"orthographic":true}